ML Catalog Number,Date,Latitude,Longitude,Recordist,Media notes,Age/Sex,Average Community Rating,Filename
543339,2020-02-26,45.5575,-122.6912,Thomas Magarian,,unknown,0.0,543339.mp3
543338,2020-02-17,45.5575,-122.6912,Thomas Magarian,,unknown,0.0,543338.mp3
543337,2020-02-16,45.5575,-122.6912,Thomas Magarian,,unknown,0.0,543337.mp3
543336,2020-02-16,45.5575,-122.6912,Thomas Magarian,,unknown,0.0,543336.mp3
543335,2020-02-26,45.5575,-122.6912,Thomas Magarian,,unknown,0.0,543335.mp3
524251,2019-01-30,45.5435,-122.5763,Thomas Magarian,Flock of birds bathing in puddles and hanging out in the general area.,unknown,0.0,524251.mp3
524250,2019-01-30,45.5435,-122.5763,Thomas Magarian,Flock of birds bathing in puddles and hanging out in the general area.,unknown,0.0,524250.mp3
524249,2019-01-30,45.5435,-122.5763,Thomas Magarian,Flock of birds bathing in puddles and hanging out in the general area.,unknown,0.0,524249.mp3
524248,2019-01-30,45.5435,-122.5763,Thomas Magarian,Flock of birds bathing in puddles and hanging out in the general area.,unknown,0.0,524248.mp3
524247,2019-01-30,45.5435,-122.5763,Thomas Magarian,Flock of birds bathing in puddles and hanging out in the general area.,unknown,0.0,524247.mp3
524205,2019-01-30,45.5435,-122.5763,Thomas Magarian,Flock of birds bathing in puddles and hanging out in the general area.,unknown,0.0,524205.mp3
524204,2019-01-30,45.5435,-122.5763,Thomas Magarian,Flock of birds bathing in puddles and hanging out in the general area.,unknown,0.0,524204.mp3
524203,2019-01-30,45.5435,-122.5763,Thomas Magarian,Flock of birds bathing in puddles and hanging out in the general area.,unknown,0.0,524203.mp3
475166,2018-12-28,45.5575,-122.6912,Thomas Magarian,Recording amplified. High pass filter.,unknown,0.0,475166.mp3
475165,2018-12-28,45.5575,-122.6912,Thomas Magarian,Recording amplified. High pass filter.,unknown,0.0,475165.mp3
475164,2018-12-28,45.5575,-122.6912,Thomas Magarian,Recording amplified. High pass filter.,unknown,0.0,475164.mp3
475163,2018-12-28,45.5575,-122.6912,Thomas Magarian,Recording amplified. High pass filter.,unknown,0.0,475163.mp3
462767,2018-07-10,45.5575,-122.6912,Thomas Magarian,Recording amplified. High pass filter.,unknown,0.0,462767.mp3
462766,2018-07-10,45.5575,-122.6912,Thomas Magarian,Recording amplified. High pass filter.,unknown,0.0,462766.mp3
462765,2018-07-10,45.5575,-122.6912,Thomas Magarian,Recording amplified. High pass filter.,unknown,0.0,462765.mp3
160034,2013-03-19,48.35893,-123.7192,Ian Cruickshank,"

Recorded on a Marantz PMD661 recorder using a Sennheiser ME66 microphone.",unknown,0.0,160034.mp3
159999,2013-03-17,48.464413,-123.373425,Ian Cruickshank,"

Recorded on a Marantz PMD661 recorder using a Sennheiser ME66 microphone.",unknown,0.0,159999.mp3
159993,2013-03-02,48.662793,-123.452181,Ian Cruickshank,"

Recorded on a Marantz PMD661 recorder using a Sennheiser ME66 microphone.",unknown,0.0,159993.mp3
159926,2013-02-12,48.384758,-123.507113,Ian Cruickshank,"

Recorded on a Marantz PMD661 recorder using a Sennheiser ME66 microphone.",unknown,0.0,159926.mp3
159919,2013-02-09,48.810142,-123.426765,Ian Cruickshank,,unknown,0.0,159919.mp3
159918,2013-02-09,48.810142,-123.426765,Ian Cruickshank,,unknown,0.0,159918.mp3
159917,2013-02-09,48.810142,-123.426765,Ian Cruickshank,,unknown,0.0,159917.mp3
159876,2013-01-27,48.459362,-123.366748,Ian Cruickshank,"in flight

Recorded on a Marantz PMD661 recorder using a Sennheiser ME66 microphone.",unknown,0.0,159876.mp3
159869,2013-01-26,48.576806,-123.37179,Ian Cruickshank,"

Recorded on a Marantz PMD661 recorder using a Sennheiser ME66 microphone.",unknown,0.0,159869.mp3
159112,2012-08-02,48.902,-124.385,Ian Cruickshank,"juvenile

Recorded on a Marantz PMD661 recorder using a Sennheiser ME66 microphone.",unknown,0.0,159112.mp3
156530,2011-03-28,48.4598,-123.3747,Ian Cruickshank,Northwestern Crows mobbing a roosting Barred Owl.,unknown,0.0,156530.mp3
156527,2011-07-09,48.4739,-123.3773,Ian Cruickshank,"Includes many rattles, for example at 1:35, and high yelps, such as at 0:01",unknown,0.0,156527.mp3
156526,2011-07-09,48.4739,-123.3773,Ian Cruickshank,,unknown,0.0,156526.mp3
973034,2024-12-03,42.4253,-76.49,Cherylanne Garrett,4 American crows on trees outside my apartment building. ,unknown,0.0,973034.mp3
964161,2025-01-23,38.5389,-121.5381,Frank Severson,"This recording was shortened to include the best examples of the American Crow calls. In Adobe Audition, I amplified the sounds. This crow called while perched on a light pole on a neighborhood street adjacent to a field and a water retention pond. He raised from a ~45 degree posture to a ~70 degree posture, as if the calls required this amount of effort. ",unknown,0.0,964161.mp3
958966,2024-12-24,45.8401,-87.2007,Valerie Heemstra,"Unmodified recording of two crows flying together over agricultural land. This is an area frequented by Northern Ravens, Ruffed Grouse and Wild Turkeys, with natural forest of cedars, birch, and ash trees and heavy undergrowth, as well as a pine plantation (trees about 15 meters tall), and corn fields. Temperature 27 degrees F, overcast.",unknown,0.0,958966.mp3
952207,2024-11-24,33.6104,-117.7392,Cin-Ty Lee,,unknown,0.0,952207.mp3
951773,2024-11-24,38.9807,-77.0937,Daniel Parker,"Various calls of a group, possibly including a female rattle? Birds here are considered subspecies *paulus* by some authorities and *brachyrhynchos* by others.",unknown,0.0,951773.mp3
949456,2024-06-24,32.6094,-80.0653,Daniel Parker,,unknown,0.0,949456.mp3
941380,2024-04-03,40.5435,-107.0205,Sue Riffe,,unknown,0.0,941380.mp3
928007,2024-08-09,37.5268,-122.2588,Jorge Leitão,,unknown,0.0,928007.mp3
926363,2024-08-09,47.5769,-52.7082,Scott Crabtree,"Calling from the top of a utility pole in an urban environment.

Trimmed and normalized.",unknown,0.0,926363.mp3
924638,2023-02-26,44.8432,-93.3784,Michael Hurben,,unknown,0.0,924638.mp3
924636,2023-03-08,44.8432,-93.3784,Michael Hurben,,unknown,0.0,924636.mp3
924634,2023-03-09,44.8432,-93.3784,Michael Hurben,,unknown,0.0,924634.mp3
924633,2023-03-17,44.8432,-93.3784,Michael Hurben,,unknown,0.0,924633.mp3
924631,2023-03-19,44.8432,-93.3784,Michael Hurben,,unknown,0.0,924631.mp3
924626,2023-03-22,44.8432,-93.3784,Michael Hurben,,unknown,0.0,924626.mp3
924621,2023-03-30,44.8432,-93.3784,Michael Hurben,,unknown,0.0,924621.mp3
906706,2022-09-06,0.0,0.0,Jeff Stewart,"Flying directly over microphone, wingbeats audible.",unknown,0.0,906706.mp3
905503,2024-04-28,32.038,-86.2646,Bill Grantham,"Recorded with Roland R07 with Sennheiser ME66 mics.  Normalized.
American Crows alarmed over Red-shouldered Hawk.  Additional species include Common Yellow Throat, Wood Thrush, and cicadas.
Recorded along rural dirt road.",unknown,0.0,905503.mp3
899930,2024-01-20,29.4414,-83.2874,Valerie Heemstra,"Combined two consecutive recordings that were not otherwise modified, using one second silence to separate them. Recording was made only about four months after Hurricane Idalia had demolished most of the buildings on Horseshoe Beach. Construction underway on nearly every street. Litter that was scattered for miles outside the town alerted visitors of the devastation. This recording was made on a dunes trail of a crow that was calling from near the top of a pine tree where it had a good view of recordist. No other humans were nearby. Interesting variation in number of caws in a series. After the 1 second silence, there are two unusual two-syllabled caw-aws (at 6:08) which the crow made when I took a white notecard out of my pocket. There was also a long pause (almost 30 seconds) when I reversed direction on the trail near the end of the second recording (at 7:32). Temp. was 37 degrees F., cloudy becoming sunny. An armadillo was foraging nearby on the trail on my way back to the car.",unknown,0.0,899930.mp3
839179,2023-05-25,44.6322,-78.9908,Manuel Oudard,,unknown,0.0,839179.mp3
833456,2023-10-01,48.4938,-123.3735,Barry Edmonston,,unknown,0.0,833456.mp3
828487,2023-09-09,32.8695,-117.2202,Trent R. Stanley,Just finishing up a nights recording of migrating birds and this crow flew right into my microphone pattern peaking the levels on the third call.,unknown,0.0,828487.mp3
826912,2023-07-29,59.6003,-151.4086,Yoann Blanchon,High Pass Filter 500Hz 6db,unknown,0.0,826912.mp3
817992,2023-07-09,39.4483,-117.0698,Bobby Wilcox,About 15m away in aspen stand.,unknown,0.0,817992.mp3
813075,2023-06-23,45.5274,-73.5705,Andrew Sonea,"Cawing from a tree. The last 4 caws were given in flight after taking off. The whining noise in the last few seconds is from a street lamp that the crow flew by as I followed the flight path with the parabolic mic. No filters applied, normalized to -3dB.",unknown,0.0,813075.mp3
807484,2023-05-29,41.64,-70.3327,Barry Edmonston,Natural vocalizations of single individual perched in tree.,unknown,0.0,807484.mp3
792018,2023-04-09,40.1171,-75.0709,Paul Driver,,unknown,0.0,792018.mp3
762167,2022-11-16,48.1287,-124.7083,Bruce Lagerquist,Remaining birds from flock recorded in  XC762166 as they dispersed for the day,unknown,0.0,762167.mp3
762166,2022-11-16,48.1287,-124.7083,Bruce Lagerquist,"Large flock of crows in evergreen trees by the coast. I originally thought these were mobbing a bird, but they had just congregated in the AM and were calling before they dispersed. Background noise is the surf",unknown,0.0,762166.mp3
756861,1990-01-21,30.652,-96.1671,Robert Benson,Navasota River bottoms in hardword forest.,unknown,0.0,756861.mp3
753154,2022-06-15,54.6692,-124.4144,Sunny Tseng,,unknown,0.0,753154.mp3
753122,2022-05-26,54.6692,-124.4144,Sunny Tseng,,unknown,0.0,753122.mp3
726412,2022-05-14,29.554,-82.1986,PT xiao,,unknown,0.0,726412.mp3
722766,2022-05-06,31.9237,-81.0559,Russ Wigh,"There is nothing remarkable about mobbing crows, but in this case from the moment I was aware of them, about 10:00 until dafter dusk, about 19:30, a mob of crows, at times including one or more fish crows, mobbed an unseen predator continuously throughout the entire day. The following day there was no mobbing leading me to suspect that predator, high in a pine tree, was likely a Great Horned Owl, which departed after dark.",unknown,0.0,722766.mp3
713256,2022-03-16,29.2923,-82.627,Bruce Lagerquist,,unknown,0.0,713256.mp3
708836,2022-03-10,44.4271,-73.1943,Joshua Phillips,recorded at NFC station,unknown,0.0,708836.mp3
698321,2021-04-16,45.5575,-122.6912,Kate Atkins,"Observed two American crows interacting in plum tree approximately 15 feet tall. Vocalizing bird held stick in bill, vocalized as recorded, as a second bird looked on. Considering time of year, plausibly a courtship interaction was observed, including this recorded vocalization. Amplified, high pass filter. Recorded with Olympus LS-P4 Linear PCM Recorder.",unknown,0.0,698321.mp3
692655,2021-12-23,48.4644,-123.3734,Barry Edmonston,Calls with hoarse voices from a group of 35 individuals perched in four or five nearby tall evergreen trees on eastern side of Swan Lake.  ,unknown,0.0,692655.mp3
691531,2021-12-14,39.2542,-84.7499,David A. Brinkman,Six birds mobbing a large unseen raptor. Barred Owl (Strix varia) is consistently found here roosting in nearby Red Cedar (Juniperus virginiana).,unknown,0.0,691531.mp3
691189,2021-12-12,39.0078,-83.8085,Michael &amp; Katie LaTour,"A murder of crows gathered in my neighbor's field and began calling. 45 degrees, sunny, light breeze. We hear crows often but what was unique about today was that one crow in particular was enjoying him/her-self by imitating a barred owl. This mimicry went on for over an hour. Topography: A running creek flanked by trees meanders thru hills and valleys with mixed open fields and mature tree stands. Recording was trimmed, amplified, and a fade in/out was added. Zoom H4N Pro used for recording.",unknown,0.0,691189.mp3
682568,2021-10-18,41.6396,-70.3339,Barry Edmonston,Single individual calling from trees near Lake Elizabeth.,unknown,0.0,682568.mp3
682428,2021-08-24,43.7059,-65.9516,Doug Hynes,Bird recorded with an autonomous recording device in a coastal habitat,unknown,0.0,682428.mp3
667361,2021-06-13,0.0,0.0,Nick Komar,,unknown,0.0,667361.mp3
658087,2021-05-22,47.6766,-122.294,Whitney Neufeld-Kaiser,"Recorded with Voice Record Pro on iPhone7, normalized to -3dB and converted to mp3.  Beginning and end trimmed to remove noises by the recordist but otherwise no modifications.  This crow was vocalizing from an exposed rhododendron bush about 7-8 off the ground.",unknown,0.0,658087.mp3
656092,2021-06-12,42.0203,-79.2342,Jim Berry,"1 Adult Crow with 2 Juveniles. The adult was on an utility pole on one corner, the juveniles were catty-corner from it on another pole.

Light noise reduction used (electric utility pole transformer hum)Background Species: Yellow-rumped Warbler, House Wren, Black-capped Chickadee, Chipping Sparrow
",unknown,0.0,656092.mp3
653041,2021-05-02,49.8805,-97.1466,Charlie W,"Residential neighbourhood, an hour before sunset. Huge (50+) assembly of crows flying and gathering in the tops of trees in this neighbourhood, making quite a racket.  From context, I guess these are alarm calls.  

At about 00:15 you first hear a raven (lower pitched, more guttural sound), who has just flown into range.  Raven is being chased by two crows, who swoop at him; the crows seem to want to drive off the raven; a third crow join the fight.  The raven rolls and dives out of the way, calling out.  They fly out of sight.",unknown,0.0,653041.mp3
649367,2021-05-16,31.9237,-81.0559,Russ Wigh,"A small gang, 3- 5 birds, mobbing an unseen predator.  Likely a Barred Owl or a Cooper's Hawk.  A raucus sound that carries long distances.",unknown,0.0,649367.mp3
645148,2021-05-03,42.0763,-79.2427,Jim Berry,"Low Cut Filter Used100 Hz. Background Species: Chipping Sparrow, American Goldfinch, Downy Woodpecker
",unknown,0.0,645148.mp3
638328,2021-04-07,42.4655,-76.4292,Meena Haribal,,unknown,0.0,638328.mp3
630422,2020-11-14,35.2735,-120.8837,Thomas G. Graves,"A trio of American Crows.  (Sennheiser ME62 omni mic, 24 inch Roché parabola, Marantz PMD 661).",unknown,0.0,630422.mp3
630418,2021-03-12,37.3614,-118.3997,Ron Overholtz,"Audio Technica ATR 6550
Tascam DR-05
Audacity",unknown,0.0,630418.mp3
630414,2021-03-12,37.3614,-118.3997,Ron Overholtz,"Audio Technica ATR 6550
Tascam DR-05
Audacity",unknown,0.0,630414.mp3
627562,2021-03-07,48.4202,-123.3968,Barry Edmonston,"Natural calls of single individual perched about 5 meters above ground at top of sparsely-leafed tree, about 20 meters away from ocean.",unknown,0.0,627562.mp3
626214,2020-03-04,45.2823,-75.6858,Matt Osborne,"Extracted from a remote microphone recording over a roughly 2-hour interval straddling dawn.

Neewer NW-800 > Steinberg UR12 > Raven Lite > amplification and high-pass filter (made necessary due to proximity to traffic).

-10 °C, -19 °C with wind, sunny",unknown,0.0,626214.mp3
624432,2017-06-09,44.6987,-70.4215,Sue Riffe,natural vocalization,unknown,0.0,624432.mp3
612911,1982-06-04,49.0262,-122.6589,Peter Ward and Ken Hall,"/Users/peterward/Desktop/Sony ECM19B mic, 18 in parabola with Marantz cassette deck.pdf",unknown,0.0,612911.mp3
599687,2020-11-01,35.5524,-121.0947,Thomas G. Graves,"About 50 individuals in this Murder of Crows at the top of a dead Monterey Pine tree. These crows had just flown in to this location about 5 minutes before I recorded them. The tapping is from a Haiy Woodpecker on a nearby tree. (iXY Röde cardioid stereo mic, iphone 5s, Röde Rec app).",unknown,0.0,599687.mp3
597661,2000-07-18,49.5065,-123.747,Simon Elliott,,unknown,0.0,597661.mp3
595332,2020-05-14,48.4475,-68.3453,Thomas Zgirski,,unknown,0.0,595332.mp3
588916,2003-07-18,55.248,-127.6804,Simon Elliott,flock ca. 20 in trees on riverbank,unknown,0.0,588916.mp3
575220,2020-07-12,44.8398,-93.3786,Michael Hurben,,unknown,0.0,575220.mp3
574517,2020-06-23,35.4507,-82.6515,Sue Riffe,natural vocalization of 5 flying AMCR,unknown,0.0,574517.mp3
572379,2020-06-29,35.987,-87.145,Brian Hendrix,"American Crow?


Recorded unattended using Song Meter Mini from Wildlife Acoustics (evaluating hardware)
https://www.wildlifeacoustics.com/products/song-meter-mini

Brian Hendrix
Tennessee Naturalist
veteran  |  Mac guy  |  birder  |  coffee snob

iNaturalist — https://www.inaturalist.org/people/740683

eBird — https://ebird.org/profile/NDA5Nzgy/world",unknown,0.0,572379.mp3
569711,2020-06-17,31.9237,-81.0559,Russ Wigh,Harsh crow call by an individual bird,unknown,0.0,569711.mp3
569624,2020-06-17,31.9237,-81.0559,Russ Wigh,"This  raspy call is probably best described as a predator alert call to bring other crows in for defense.  In this case there were four birds.  One in one tree, three in another.  The three may well have been juvenile birds.  There were no predators in view.  Crows can be heard a great distances mobbing species such as Great Horned Owl. ",unknown,0.0,569624.mp3
568365,2020-06-14,31.9237,-81.0559,Russ Wigh,"Trying to capture all the vocalizations of crows might fill a full page of XC.  This one, in my garden, used a precise four call sequence for over two minutes.  The intervals between the series of calls varied only slightly.  There is only a little noise reduction applied here to reduce the hiss of the AudioMoth, and normalization to -09.",unknown,0.0,568365.mp3
568327,2020-06-14,42.0763,-79.2394,Jim Berry,"Normalized to -3db. High Pass filter at 250hz & Light Noise Reduction Used. Background Species: House Wren, 
",unknown,0.0,568327.mp3
561291,2020-05-23,42.0807,-79.2381,Jim Berry,2 birds calling in very close proximity to each other.  Normalized to -3db. High Pass filter at 250hz & Moderate Noise Reduction Used.,unknown,0.0,561291.mp3
556240,2019-04-18,30.36422,-81.40509,Caio Brito,,unknown,0.0,556240.mp3
550085,2020-04-19,47.7022,-122.3088,Bruce Lagerquist,Bird Flying overhead,unknown,0.0,550085.mp3
534339,2020-03-13,40.4378,-74.2658,William Whitehead,Pine Forest,unknown,0.0,534339.mp3
531505,2020-02-28,49.2775,-123.1453,Sunny Tseng,,unknown,0.0,531505.mp3
531008,2020-02-28,35.6754,-121.2844,Thomas G. Graves,"(Sennheiser ME 62 omni mic, 24 inch Roché parabola, Marantz PMD 661 recorder.)",unknown,0.0,531008.mp3
516376,2020-01-04,40.6052,-74.2495,William Whitehead,,unknown,0.0,516376.mp3
513351,2019-12-24,40.6276,-89.1095,Phoenix Birder,The crows were chasing and mobbing a barred owl that I had flushed from its roost.,unknown,0.0,513351.mp3
509703,2019-11-11,49.2427,-122.9355,Sunny Tseng,Mono with Sennheiser mic. Bird standing on the top of a tree.,unknown,0.0,509703.mp3
506622,2019-11-11,40.6052,-74.2495,William Whitehead,Rattle,unknown,0.0,506622.mp3
496358,2019-09-02,35.388,-120.8603,Thomas G. Graves,"Taken from XC496355 but edited to emphasize the ""gurgle"" calls. Timing maintained, but some loud ""caws"" removed. (Recorded with iXY Røde microphone, using RødeRec app on iPhone 5s)",unknown,0.0,496358.mp3
496356,2019-09-02,35.388,-120.8603,Thomas G. Graves,"Taken from XC496355 but edited to emphasize the ""rattle"" calls. (Recorded with iXY Røde microphone, using RødeRec app on iPhone 5s)",unknown,0.0,496356.mp3
496355,2019-09-02,35.388,-120.8603,Thomas G. Graves,"Long recording, same crows as XC496354 . (Recorded with iXY Røde microphone, using RødeRec app on iPhone 5s)",unknown,0.0,496355.mp3
496354,2019-09-02,35.388,-120.8603,Thomas G. Graves,"(Recorded with iXY Røde microphone, using RødeRec app on iPhone 5s)",unknown,0.0,496354.mp3
481933,2019-06-16,32.5752,-117.1237,Paul Marvin,"a dozen circled my head, I think they were alarmed by my microphone",unknown,0.0,481933.mp3
481136,2019-05-21,36.4728,-121.1873,Meena Haribal,"a sparrow is also calling, first three notes sound like California Towhee but trill is elongated. ",unknown,0.0,481136.mp3
480052,2019-06-06,41.9311,-88.4137,Matt Wistrand,,unknown,0.0,480052.mp3
478839,2019-06-05,34.0091,-86.1929,jon paul billingsley jr,This recording was not modified significantly. Only normalized and converted from WAV to MP3. I was only able to briefly see 2 of the crow as they flew across an open area of the pine trees. The weather was 83° and overcast.,unknown,0.0,478839.mp3
460987,2019-03-09,42.7922,-75.8101,Meena Haribal,,unknown,0.0,460987.mp3
459466,2019-02-18,38.5213,-122.9783,Nick Komar,Filtered and normalized.,unknown,0.0,459466.mp3
456644,2019-02-13,28.229,-80.813,Paul Marvin,perched at close range in oak tree,unknown,0.0,456644.mp3
454252,2019-01-30,42.1104,-71.1785,Will Sweet,,unknown,0.0,454252.mp3
451209,2018-11-07,32.8814,-116.4632,Paul Marvin,,unknown,0.0,451209.mp3
448753,2018-11-22,28.229,-80.813,Paul Marvin,four perched on vehicles in parking area,unknown,0.0,448753.mp3
424738,2018-07-12,35.1884,-111.6435,Parker Davis,"Juvenile crow preening and babbling, perched in a Ponderosa Pine next to an adult crow 

High Pass 500hz 6db

Zoom SSH6",unknown,0.0,424738.mp3
420584,2018-05-29,59.5062,-135.3281,Meena Haribal,There were people around. But of course that is where the crows are found,unknown,0.0,420584.mp3
414931,2018-05-05,47.8787,-123.7743,Nicholas Comparato,"Recorded on a Tascam DR-05 with a Polsen SCL-1075. Individual calling from top of dead tree in Lewis Meadow. Clear morning, no wind. ",unknown,0.0,414931.mp3
414021,2018-04-25,27.5835,-81.0518,Bruce Lagerquist,"Bird was sitting in live oak repeatedly calling, I presume I was either near young or nesting location. ",unknown,0.0,414021.mp3
413789,2018-05-05,34.1639,-118.6467,Steve Hampton,,unknown,0.0,413789.mp3
413030,2018-04-23,34.4565,-119.71,Thomas G. Graves,"This crow was standing in a field, then, as though answering another crow from a tree, called and flew towards the other.",unknown,0.0,413030.mp3
409010,2017-02-25,42.1696,-84.2051,Frank Lambert,,unknown,0.0,409010.mp3
406307,2017-06-17,60.1042,-149.4422,Patrik Åberg,juvenile on nest.,unknown,0.0,406307.mp3
406306,2017-06-17,60.1042,-149.4422,Patrik Åberg,juvenile on nest.,unknown,0.0,406306.mp3
406305,2017-06-17,60.1042,-149.4422,Patrik Åberg,,unknown,0.0,406305.mp3
406303,2017-06-17,60.1042,-149.4422,Patrik Åberg,,unknown,0.0,406303.mp3
404505,2018-03-04,47.6807,-122.2459,Bruce Lagerquist,Bird sitting on a wooden post in the lake near the shore,unknown,0.0,404505.mp3
393299,2017-11-03,33.839,-106.883,Thomas G. Graves,Recorded this as I was waiting for the few remaining Sandhill Cranes to take off for the morning.   Recorded with Marantz PMD 661 and Sennheiser ME 62 with Roché 24-inch parabola.,unknown,0.0,393299.mp3
388685,2016-04-29,46.2909,-84.5111,Antonio Xeira,"In a pine forest around feeders area.

Editing: None.

Equipment: Olympus WS-822 digital recorder with Audio-technica ATR 6550 shotgun.",unknown,0.0,388685.mp3
388682,2016-04-29,46.2909,-84.5111,Antonio Xeira,"In a pine forest around feeders area.

Editing: None.

Equipment: Olympus WS-822 digital recorder with Audio-technica ATR 6550 shotgun.
",unknown,0.0,388682.mp3
385023,2017-05-11,45.2463,-81.2994,Orlando Jarquín G.,,unknown,0.0,385023.mp3
383428,2017-07-29,48.4288,-123.394,Niels Krabbe,,unknown,0.0,383428.mp3
383426,2017-08-14,50.4436,-125.3955,Niels Krabbe,Begging calls from two young. Also (at 72 s) call from one of the adults.,unknown,0.0,383426.mp3
381507,2017-07-04,39.5155,-117.6211,Bobby Wilcox,"Calls from a juvenile traveling with a family group and foraging in pinyon-juniper forest, about 50ft from me.",unknown,0.0,381507.mp3
376182,2017-06-07,35.336,-120.727,Thomas G. Graves,"A stereo crow conversation: One crow was on the left side of the road at the top of a tree along a creek (sycamore?), the other was answering from the right side of the road on the top of an oak tree. Recorded with my iXY Rode mic on my iPhone (Rode Rec app).",unknown,0.0,376182.mp3
376180,2017-06-07,35.336,-120.727,Thomas G. Graves,This crow was at the top of a tree along a creek. Recorded with my iXY Rode mic on my iPhone (Rode Rec app).,unknown,0.0,376180.mp3
371062,2017-05-15,38.8817,-94.8917,Eric DeFonso,"Calls from overflying bird, receding into distance.",unknown,0.0,371062.mp3
364635,2017-04-16,35.9413,-78.7723,Brian Murphy,Mobbing behavior. Red-shoulder Hawk can be heard calling as well.  This activity went on for over an hour.,unknown,0.0,364635.mp3
363862,2017-04-10,36.0207,-78.7277,Brian Murphy,Crow had food in its mouth.,unknown,0.0,363862.mp3
361336,2017-03-24,35.2663,-120.6867,Thomas G. Graves,"As I walked up to the dock, I heard a Pied-billed Grebe call loudly, close to the dock. I sat and recorded there for about 15 minutes, but it did not call again except in the distance. I decided to list this as an American Crow recording instead of as a Soundscape as the Crow dominates, but does not start until 0:49.5.",unknown,0.0,361336.mp3
354832,2015-06-05,60.0701,-149.4443,Frank Lambert,Same individual(s) as on XC354831.,unknown,0.0,354832.mp3
354831,2015-06-05,60.0701,-149.4443,Frank Lambert,,unknown,0.0,354831.mp3
351540,2017-01-20,42.4462,-71.4134,Melani Sleder,,unknown,0.0,351540.mp3
345874,2016-12-05,28.229,-80.813,Paul Marvin,"includes fainter gurgle calls, three flying along river shore, last call after landing",unknown,0.0,345874.mp3
333146,2016-09-03,32.9876,-85.2127,Jim Holmes,,unknown,0.0,333146.mp3
332328,2016-08-04,33.0064,-117.0125,Joshua Jaeger,The crow was seen preening its feathers in the eucalyptus tree closest to the lakeside near the boat dock.  The calls recorded were gurgle calls the crow was making as it paused briefly from preening.,unknown,0.0,332328.mp3
328542,2016-07-08,42.7895,-83.1904,Antonio Xeira,"Editing: None.

Equipment: Olympus WS-822 digital recorder with Wildtronics Mono amplified parabolic microphone.",unknown,0.0,328542.mp3
325935,2016-06-28,50.9619,-118.1997,James Bradley,,unknown,0.0,325935.mp3
325096,2016-06-29,42.7335,-83.0753,Antonio Xeira,,unknown,0.0,325096.mp3
320383,2016-04-30,40.5675,-105.1272,Nick Komar,"Habitat is moderate-density residential neighborhood of Fort Collins with scattered trees, including tall conifers and cottonwoods. Recording edited for clarity. I believe this call was coming from an adult near a nest site.",unknown,0.0,320383.mp3
318014,2016-05-10,35.272,-120.6493,Thomas G. Graves,"American Crow on the apex of a 2 stroy house, chased away by Northern Mockingbird.",unknown,0.0,318014.mp3
317205,2016-05-12,39.1742,-75.5424,Jerald R,,unknown,0.0,317205.mp3
316302,2016-04-27,25.1425,-80.9255,Sue Riffe,Five individuals flying around several large oaks and singing.,unknown,0.0,316302.mp3
315688,2016-05-07,41.9625,-89.3654,Matt Wistrand,Two individuals,unknown,0.0,315688.mp3
314874,2016-04-30,32.1436,-85.0502,Jim Holmes,,unknown,0.0,314874.mp3
312752,2016-04-15,35.336,-120.727,Thomas G. Graves,"Birds up in trees over creek. Two call types noted: typical ""caw, caw, caw"", and a rattle call at beginning. Golf course adjacent to this regional park. Gun firing range 2.7 miles away.",unknown,0.0,312752.mp3
309641,2016-03-26,46.4906,-84.3529,Antonio Xeira,,unknown,0.0,309641.mp3
296308,2015-07-29,36.4887,-84.698,Antonio Xeira,,unknown,0.0,296308.mp3
293812,2015-11-21,32.9174,-85.1935,Jim Holmes,,unknown,0.0,293812.mp3
293291,2015-06-21,48.2255,-69.5575,Martin St-Michel,"Two or three individuals vocalizing from different areas. Habitat: rocky coastline, mud flats, mature mixed forest.",unknown,0.0,293291.mp3
293246,2015-06-20,48.3483,-69.389,Martin St-Michel,"Habitat: rocky coastline, mud flats.",unknown,0.0,293246.mp3
289011,2015-02-13,47.6551,-122.112,David Vander Pluym,Calling on edge of grassy field in the park.  High Pass filter ran and amplified.,unknown,0.0,289011.mp3
279723,2015-07-24,40.5689,-105.1274,Nick Komar,,unknown,0.0,279723.mp3
279721,2015-07-24,40.5689,-105.1274,Nick Komar,Calls from at least 5 birds are heard in the recording.,unknown,0.0,279721.mp3
277023,2015-08-20,48.1401,-123.1923,Greg Irving,ID based solely on location.,unknown,0.0,277023.mp3
277021,2015-08-20,48.1401,-123.1923,Greg Irving,"ID based solely on location. Juvenile begging food from adult at neighbouring campsite starting at 0:17, continuing through end of recording.",unknown,0.0,277021.mp3
268481,2015-08-15,28.229,-80.813,Paul Marvin,"pair, ranch grasslands

at first they were on my car, and then on fence, they then separately moved further",unknown,0.0,268481.mp3
233496,2015-02-11,48.4175,-122.6515,David Vander Pluym,"To me this individual sounds somewhat intermediate between American and Northwestern Crow (but maybe more American?) and is from the hybrid zone. Since there isn't a good way to upload hybrid swarms like this I uploaded it as American Crow. It was paired with an individual that sounded more Northwestern to me, but I was unable to get a recording of that bird. Both birds were feeding on the beach and in a parking lot. Recording amplified and slightly clipped from a longer  cut (clipped because of airplane noise).",unknown,0.0,233496.mp3
206082,2014-06-25,37.8951,-107.9069,Eric DeFonso,"Extended cut of close cawing, from inside stand of douglas-fir/aspen grove.",unknown,0.0,206082.mp3
197261,2014-05-22,25.1741,-80.9347,Paul Marvin,"one adult is calling, a juvenile with two adults are together in tree, they are among over 1/2 dozen American Crows moving throught the area

they took flight one bird at a time",unknown,0.0,197261.mp3
197260,2014-05-24,25.138,-80.938,Paul Marvin,1/2 dozen in tree,unknown,0.0,197260.mp3
197259,2014-05-22,25.1741,-80.9347,Paul Marvin,,unknown,0.0,197259.mp3
195540,2014-06-25,56.0883,-129.3039,Richard E. Webster,interval shortened at 0:05,unknown,0.0,195540.mp3
193112,2014-06-22,54.7089,-127.0394,Richard E. Webster,"3rd group recorded today, 2nd recording of it; again, I believe the calls that sound like NW Crow are young American, and this is a family group; interval shortened at 0:46 by nine seconds",unknown,0.0,193112.mp3
193111,2014-06-22,54.7089,-127.0394,Richard E. Webster,1st group recorded today; four birds involved;,unknown,0.0,193111.mp3
191954,2014-04-22,27.905,-81.1359,Paul Marvin,pair in oaks. only one calling,unknown,0.0,191954.mp3
191952,2014-04-22,27.8941,-81.1674,Paul Marvin,"about four birds moving through area, calling from trees",unknown,0.0,191952.mp3
191185,2014-08-07,60.0706,-149.4357,Steve Hampton,group of adults and juveniles,unknown,0.0,191185.mp3
188842,2014-04-12,35.336,-120.727,Thomas G. Graves,"Heard in oak tree forest. Someone suggested this might be a courting call. The first upload of this recording was distorted due to normalizing error, and was deleted.",unknown,0.0,188842.mp3
187483,2014-07-16,48.5617,-123.3855,Ian Cruickshank,,unknown,0.0,187483.mp3
187481,2014-07-07,44.4584,-68.9242,Paul Driver,,unknown,0.0,187481.mp3
182403,2014-05-01,49.1252,-125.8846,Ian Cruickshank,,unknown,0.0,182403.mp3
181497,2014-06-06,41.751,-111.822,Ryan P. O&#039;Donnell,"Adult.  Very agitated.  I think it was defending recent fledglings nearby, but I didn't see them until later the same afternoon.  [eBird checklist.](http://ebird.org/ebird/view/checklist?subID=S18709766)",unknown,0.0,181497.mp3
180081,2014-05-20,40.043,-76.345,Dan Lane,Natural mobbing from a group of 4 (evenutually joined by one C. ossifragus near end of cut) as they mobbed two Bubo virginianus in willows along creek by field amid suburbs.,unknown,0.0,180081.mp3
179103,2014-05-04,49.1251,-125.8932,Ian Cruickshank,,unknown,0.0,179103.mp3
172882,2013-11-24,27.9368,-81.2252,Paul Marvin,perched on fence in ranch grasslands,unknown,0.0,172882.mp3
172881,2013-11-24,27.9368,-81.2252,Paul Marvin,perched on fence in ranch grasslands,unknown,0.0,172881.mp3
172878,2012-12-07,32.6809,-116.8189,Paul Marvin,,unknown,0.0,172878.mp3
172875,2012-03-24,32.6809,-116.8189,Paul Marvin,,unknown,0.0,172875.mp3
172427,2013-03-30,39.9581,-105.34,Eric DeFonso,"Occasional gaps of silence removed. Range ~25m, in taller pines away from the meadows. 2 individuals widely separated, calling at each other. Habitat is ponderosa pine woodland/forest in Front Range pediment.",unknown,0.0,172427.mp3
167792,2014-02-06,25.1425,-80.9255,Paul Marvin,"calling bird low on tree with second bird flying and landing around me hoping for handout, park-like setting near visitor's centor",unknown,0.0,167792.mp3
163637,2011-02-28,48.4644,-123.3734,Ian Cruickshank,Calls that could be described as slow rattles...,unknown,0.0,163637.mp3
160880,2013-12-05,28.229,-80.813,Paul Marvin,Perched on a tree mostly surrounded by grasslands,unknown,0.0,160880.mp3
160878,2013-12-05,28.229,-80.813,Paul Marvin,Perched on a tree mostly surrounded by grasslands,unknown,0.0,160878.mp3
160098,2013-03-30,48.576806,-123.37179,Ian Cruickshank,"

Recorded on a Marantz PMD661 recorder using a Sennheiser ME66 microphone.",unknown,0.0,160098.mp3
157656,2013-06-01,52.6137,-131.4654,Gwaii Haanas National Park Reserve and Haida Heritage Site songbird research group,"SM2, not modified; recorder is approximately 60m from shoreline",unknown,0.0,157656.mp3
155441,2013-11-18,44.942,-93.259,Jonathon Jongsma,"Calls from an autumn flock of approximately 50 birds in a urban park. In addition to the standard 'caw' calls, there are several rattles, and a few soft, doubled hooting calls (e.g. 0:58, 1:06, 3:31) from a bird directly above my head.

Recorded with internal mic of Olympus LS-10S. High pass filter @ 500Hz.",unknown,0.0,155441.mp3
155440,2013-11-08,44.942,-93.259,Jonathon Jongsma,"Calls from a flock of approximately 30 birds in a large elm tree in residential neighborhood.  

Windy. Recorded with parabolic mic and Olympus LS-10S.",unknown,0.0,155440.mp3
141751,2013-06-17,57.7063,-152.5715,Andrew Spencer,natural vocalizations; calls from one of a small flock of this species hanging out near the creek and feeding at something along the edge.,unknown,0.0,141751.mp3
141750,2013-06-17,57.7063,-152.5715,Andrew Spencer,natural vocalizations; calls from one of a small flock of this species hanging out near the creek and feeding at something along the edge.,unknown,0.0,141750.mp3
137865,2013-06-09,31.9559,-81.0259,Russ Wigh,"The recording was boosted to -9.0dB.  A group of 5 crows perched at the top of a small deciduous tree, about 5 meters high.  One seemed to be vocalizing significantly more than the others.  When it flew the others joined in even though they might have been in flight already.",unknown,0.0,137865.mp3
134495,2013-05-18,45.4596,-70.741,Martin St-Michel,One individual calling at regular intervals from a dead tree overlooking a small swamp.,unknown,0.0,134495.mp3
131447,2012-06-29,34.1966,-118.1334,Eric DeFonso,More extended sample of birds gathering for morning feeding on treetops. Recorded in residential backyard.,unknown,0.0,131447.mp3
131445,2012-06-29,34.1966,-118.1334,Eric DeFonso,Typical caws from a nearby bird along the street. Recorded in residential area with ambient street noise filtered out below 150 Hz.,unknown,0.0,131445.mp3
126022,2012-09-27,29.3759,-95.6029,Chris Harrison,High pass filtering below 500 Hz,unknown,0.0,126022.mp3
121396,2013-02-10,44.942,-93.259,Jonathon Jongsma,A small group of crows (10-15) perched above me in a large cottonwood tree and screaming down at me.  Periodically one or two would launch into the air and circle above me while calling.  Several others flew in to join the scolding as time went by.,unknown,0.0,121396.mp3
115940,2012-09-24,48.6583,-119.192,Andrew Spencer,natural vocalizations; calls from a few in a larger flock moving through open ranchland along a highway.  Traffic noise in the background.,unknown,0.0,115940.mp3
115939,2012-09-24,48.6583,-119.192,Andrew Spencer,natural vocalizations; calls from a few in a larger flock moving through open ranchland along a highway.  Traffic noise in the background.,unknown,0.0,115939.mp3
115938,2012-09-24,48.6583,-119.192,Andrew Spencer,natural vocalizations; calls from a few in a larger flock moving through open ranchland along a highway.  Traffic noise in the background.,unknown,0.0,115938.mp3
114561,2008-01-03,33.565,-117.8151,Nathan Pieplow,Calls from 2 of 5 individuals flying by together.,unknown,0.0,114561.mp3
114560,2007-10-21,45.9968,-121.5311,Nathan Pieplow,Various calls from members of a loose flock.,unknown,0.0,114560.mp3
114559,2007-10-21,45.9968,-121.5311,Nathan Pieplow,"One member of a flock, giving harsh scrapes and groans as it dive-bombs a sitting Cooper's Hawk.",unknown,0.0,114559.mp3
114558,2009-03-24,37.6917,-121.1868,Nathan Pieplow,"Solo bird, calling in flight.",unknown,0.0,114558.mp3
114557,2009-06-15,40.3046,-105.4856,Nathan Pieplow,"Distant solo bird, calling.",unknown,0.0,114557.mp3
114556,2008-05-29,40.3572,-105.6122,Nathan Pieplow,Solo bird giving soft whisper song from top of tree; same individual as XC114554.,unknown,0.0,114556.mp3
114555,2008-05-29,40.3572,-105.6122,Nathan Pieplow,Solo bird calling from top of tree; same individual as XC114554.,unknown,0.0,114555.mp3
114554,2008-05-29,40.3572,-105.6122,Nathan Pieplow,Solo bird calling from top of tree.,unknown,0.0,114554.mp3
114552,2011-04-10,40.2247,-105.2714,Nathan Pieplow,Solo bird calling from top of tree; same individual as XC114551.,unknown,0.0,114552.mp3
114551,2011-04-10,40.2247,-105.2714,Nathan Pieplow,Solo bird calling from top of tree,unknown,0.0,114551.mp3
114550,2012-09-29,37.9005,-122.6444,Nathan Pieplow,Calls from 1 or 2 birds of flock in beach-side conifers,unknown,0.0,114550.mp3
112829,2012-11-16,44.942,-93.259,Jonathon Jongsma,,unknown,0.0,112829.mp3
112598,2012-11-12,44.942,-93.259,Jonathon Jongsma,"A couple of crows calling from about 10m up in neighboring Cottonwood trees.

The most interesting part of the cut may also be the most difficult to hear.  Toward the end of the cut, one of the crows appears to be taking gulps of air and then hunching its back with its bill tucked down into its chest while making soft *hoo-woo* sounds @ approx 600Hz.  There are 3 of these sounds: at 1:52, 1:57, and 2:03.

Also includes a rattle call toward the end.",unknown,0.0,112598.mp3
109769,2012-09-10,48.349,-124.5314,Andrew Spencer,"natural vocalizations; calls from an adult bird that was part of a larger flock, in coniferous forest at the river mouth. The crows in this area of Washington are somewhat hard to place taxonomically, but in this area are generally considered to be closer to Northwestern Crow than American Crow.",unknown,0.0,109769.mp3
109768,2012-09-09,46.9034,-124.1301,Andrew Spencer,"natural vocalizations; calls from a flock of birds moving around a pile of driftwood along a sandy beach.  The crows in this area have a murky taxonomy, but it seems generally accepted that the ones in this area are American Crows rather than Northwestern Crow.",unknown,0.0,109768.mp3
109767,2012-09-10,48.1454,-123.567,Andrew Spencer,"natural vocalizations; calls from an adult (a different individual than in XC109766) bird that was part of a larger flock, in riparian habitat at the river mouth. The crows in this area of Washington are somewhat hard to place taxonomically, but in this area may fall closer to this species than American Crow.",unknown,0.0,109767.mp3
109766,2012-09-11,48.1454,-123.567,Andrew Spencer,"natural vocalizations; calls from an adult bird that was part of a larger flock, in riparian habitat at the river mouth.  The crows in this area of Washington are somewhat hard to place taxonomically, but in this area may fall closer to this species than American Crow.",unknown,0.0,109766.mp3
109765,2012-09-11,48.1454,-123.567,Andrew Spencer,"natural vocalizations; begging calls from an unseen bird that was part of a larger flock, in riparian habitat at the river mouth.  The crows in this area of Washington are somewhat hard to place taxonomically, but in this area may fall closer to this species than American Crow.  The Red Crossbill at the beginning of the cut is type 3.",unknown,0.0,109765.mp3
109698,2012-09-10,47.9093,-124.6358,Andrew Spencer,"natural vocalizations; begging calls from a fledgling bird and calls from the adult feeding it, both part of a larger flock of the crows in the middle of a small ocean-front town.  The birds here are considered Northwestern Crows in at least a few sources I checked, but their true taxonomic placement is murky.",unknown,0.0,109698.mp3
104835,2012-06-13,40.009,-105.286,Eric DeFonso,"more cawing notes from same bird as in XC104834 but in a more agitated intonation. , delivered from perch on tree near street in urban area as in previous recording, but facing away. close range.",unknown,0.0,104835.mp3
104834,2012-06-13,40.009,-105.286,Eric DeFonso,"typical cawing notes, delivered from perch on tree near street in urban area. close range.",unknown,0.0,104834.mp3
98890,2012-04-07,42.9116459119664,-88.4770653247506,Todd Wilson,Rattle call. link:http://www.wisconsinbirdsounds.com/american_crow.php,unknown,0.0,98890.mp3
92058,2011-12-17,47.704,-122.218,Andrew Spencer,natural vocalization,unknown,0.0,92058.mp3
92057,2011-12-17,47.704,-122.218,Andrew Spencer,natural vocalization,unknown,0.0,92057.mp3
92055,2011-12-17,47.704,-122.218,Andrew Spencer,very quiet calls from a bird on the ground.  When calling the bird would ruffle its feathers and lean forward.,unknown,0.0,92055.mp3
90534,2011-11-27,35.336,-120.727,Thomas G. Graves,,unknown,0.0,90534.mp3
76435,2011-04-22,47.784,-122.274,Andrew Spencer,"natural vocalization, from a pair of birds.  Crows in the Puget Sound area are probably impossible to identify with certainty, but note the distinctly higher pitch of the calls of both birds in this cut compared to the cuts from the San Juan Islands (XC76433 and XC76434).",unknown,0.0,76435.mp3
76434,2011-04-22,48.592,-123.151,Andrew Spencer,"natural vocalization.  Crows in NW Washington are somewhat questionable as to specific identity, but the ones on the San Juan Islands are reputed to be good Northwestern Crows.",unknown,0.0,76434.mp3
76433,2011-04-22,48.592,-123.151,Andrew Spencer,"natural vocalization.  Crows in NW Washington are somewhat questionable as to specific identity, but the ones on the San Juan Islands are reputed to be good Northwestern Crows.",unknown,0.0,76433.mp3
72978,2010-06-18,41.751,-111.822,Ryan P. O&#039;Donnell,Adult and juvenile. Same individuals as in XC72977.,unknown,0.0,72978.mp3
72977,2010-06-18,41.751,-111.822,Ryan P. O&#039;Donnell,Adult and juvenile together. Same individuals as in XC72978.,unknown,0.0,72977.mp3
51769,2010-05-21,41.92,-70.543,Ian Davies,,unknown,0.0,51769.mp3
51410,2010-04-05,35.8589,-84.0948,Mike Nelson,Standard call with gurgle notes near the end.,unknown,0.0,51410.mp3
43850,2010-01-31,43.6313042480466,-88.1658325111493,Todd Wilson,,unknown,0.0,43850.mp3
37386,2009-07-29,49.273,-123.253,Bob Planqué,,unknown,0.0,37386.mp3
29506,2009-01-12,36.321764,-121.570587,Andrew Spencer,,unknown,0.0,29506.mp3
18389,2008-03-09,35.2176,-85.922,Chris Parrish,,unknown,0.0,18389.mp3
12786,2007-04-23,35.2176,-85.922,Chris Parrish,,unknown,0.0,12786.mp3
963209,2024-08-03,57.822,-152.3293,Bill Pyle,Flock of 9 birds with gender and age identified of 4 birds. Recorded (food begging) call of juvenile.,unknown,0.0,963209.mp3
947716,2024-10-27,38.9807,-77.0937,Daniel Parker,"Various calls of a group, showing the variety given in a single context. Could have been mobbing something, but I never heard any other species calling. According to some authorities, these crows would fall under the range of subspecies *paulus*, but current IOC taxonomy seems to lump it with *brachyrhynchos*. It will be interesting to see what AviList decides.",unknown,0.0,947716.mp3
911960,2022-01-07,45.5318,-73.8577,Marc Boisvert,"Ebird Liste S100534946

Normalize file wave

In the suburbs, , trail go through a small matures forests with small bush between a golf club and courtyards houses.

",unknown,0.0,911960.mp3
911375,2022-01-05,45.5318,-73.8577,Marc Boisvert,"Liste d'observation S100159366

In the suburbs, , trail go through a small matures forests with small bush between a golf club and courtyards houses.
",unknown,0.0,911375.mp3
896365,2024-04-15,38.5633,-121.4447,Ed Pandolfino,Rattle call. This bird was in a large pecan tree all by itself giving ONLY this call over and over again for several minutes. The only other bird nearby was a No. Mockingbird in a nearby oak giving grating scolds I associate with the presence of a predator.,unknown,0.0,896365.mp3
857348,2023-12-23,43.4296,-89.7101,Yishai Blum,Recording unmodified. AMCR perched overheard in Red pine canopy calling in response to conspecifics across basin. Loud and clear conversational response calls with varying rhythm patterns. Later seen flying overhead. Conditions were still and silent; no wind or other animal sounds. ,unknown,0.0,857348.mp3
840365,2023-02-02,44.8432,-93.3784,Michael Hurben,,unknown,0.0,840365.mp3
840256,2023-11-02,44.8372,-93.3769,Michael Hurben,,unknown,0.0,840256.mp3
834319,2023-10-07,32.6287,-116.923,Paul Marvin,a pair high in a tree,unknown,0.0,834319.mp3
822638,2023-08-03,49.3522,-123.0773,Francisco Molinero,,unknown,0.0,822638.mp3
815111,2023-05-22,37.3355,-91.4807,Richard E. Webster,,unknown,0.0,815111.mp3
783588,2023-03-02,40.141,-75.082,Paul Driver,two birds in a tree,unknown,0.0,783588.mp3
782271,2023-02-23,40.141,-75.082,Paul Driver,,unknown,0.0,782271.mp3
780198,2023-02-11,49.0241,-122.7934,Nikhil Patwardhan,"Possible interaction between two crows. Original recording, 96kHz 24bit WAV, is available if needed.",unknown,0.0,780198.mp3
776977,2023-01-24,38.9807,-77.0937,Daniel Parker,"Construction noise in background. I hear the occasional American Crow along with the large numbers of Fish Crows calling every morning, but not again for practically the rest of the day. I wonder if there may be a roost nearby, and if so I would like to find it.",unknown,0.0,776977.mp3
754449,2022-10-07,46.0307,-74.1826,Denis Provencher,,unknown,0.0,754449.mp3
749901,2022-09-22,46.0307,-74.1826,Denis Provencher,,unknown,0.0,749901.mp3
741539,2022-07-14,49.2884,-123.1435,Nicolas Martinez,2 juv. birds and some adults at the beach,unknown,0.0,741539.mp3
703718,2018-06-09,36.6182,-88.3357,Antonio Xeira,"Editing: High-pass filter, some amplification.

Recorder: Olympus WS-822
",unknown,0.0,703718.mp3
698541,2022-01-23,53.8636,-122.7643,Sunny Tseng,Two birds were calling back and forth. With traffic noise in the background as a highway was nearby.  ,unknown,0.0,698541.mp3
686189,2021-04-27,45.5575,-122.6912,Thomas Magarian,,unknown,0.0,686189.mp3
639144,2021-02-14,38.5641,-121.4417,Ed Pandolfino,"large group of Am Crows mobbing a GH Owl tucked into a eucalyptus tree, finally chased to owl off",unknown,0.0,639144.mp3
636546,2018-08-03,43.3747,-80.967,Thomas Ryder Payne,Stereo spaced EM172s. In trees in residential area.,unknown,0.0,636546.mp3
636423,2019-08-21,51.2982,-116.974,Thomas Ryder Payne,Homemade parabolic using EM172s. In backyard.,unknown,0.0,636423.mp3
636422,2019-04-22,43.6701,-79.4243,Thomas Ryder Payne,Homemade parabolic using EM172s. Fairly close fly by.,unknown,0.0,636422.mp3
622759,2021-02-09,44.4818,-73.2091,Jasper Barnes,"This crow was standing high in the maple tree behind the apartment building, engaging in a ""caw-and-response"" series of notes with a distant , unseen bird. It was approaching sunset, but still somewhat light out, and mostly clear as I recall. The bird adopted a typical cawing posture, moving its head up and down with each call. This recording was modified using Audacity (in which I boosted the volume and removed excess handling noise).",unknown,0.0,622759.mp3
622110,2021-02-13,45.2823,-75.6858,Matt Osborne,"Extracted from a remote microphone recording over a roughly 3-hour interval straddling dawn.

Neewer NW-800 > Steinberg UR12 > Raven Lite > amplification and high-pass filter (made necessary due to proximity to traffic).

Partly cloudy, -19 °C, -26 °C with wind.",unknown,0.0,622110.mp3
620528,2021-02-08,40.4539,-79.9906,Kate StJohn,"Winter crow flock in Pittsburgh PA roosting in trees along the Allegheny River. Total at this site is 8,000. About 1,000 within reach of microphone. Cawing, murmuring, begging, almost conversational. All sounds on recording are made by crows (not humans).",unknown,0.0,620528.mp3
617630,2021-01-24,37.8685,-122.3112,MorrisGevirtz,"The recording was made on a Samsung Galaxy S9+
I used RecForge recorging app. 

I captured only one repetition of this ""call."" I heard about 8 of them. At first I didn't think a bird was making the call. 

In this call we hear the target sound twice. The second time we hear it comes at the same time as the ""regular call"" of a different crow. 

Tartar (2008) calls it the ""coo"" call. 

Tarter, R. R. (2008). The vocal behavior of the American crow, Corvus brachyrhyncos (Doctoral dissertation, The Ohio State University).",unknown,0.0,617630.mp3
600280,2020-04-06,42.7134,-71.6445,Christopher McPherson,,unknown,0.0,600280.mp3
599335,2020-10-03,35.3982,-120.8597,Thomas G. Graves,"Several birds in tree. (iXY Röde cardioid stereo mic, iphone 5s, Röde Rec app).",unknown,0.0,599335.mp3
578154,2020-04-07,45.6496,-122.7636,Thomas Magarian,Recording amplified. High pass filter.,unknown,0.0,578154.mp3
563629,2020-03-04,45.4727,-122.7197,Skip Russell,"The low-pitched first part is a vocalization I hear crows do on occasion, but I can't recall seeing it referenced anywhere.  In any case this is my first time capturing a recording.",unknown,0.0,563629.mp3
535008,2017-08-04,58.10639,-154.60167,"Betchkal, Davyd; Peterson,  Robert","A low rocky bench above the western shore of Geographic Harbor - the protected inner portion of Amalik Bay. Site is about 35 meters line-of-sight from the ocean at low tide. Mountains surrounding the site form a deep bowl, and reach an elevation of 900 meters within 2 km. Viereck Class III.A.2.b Bluejoint Herb..",unknown,0.0,535008.mp3
533366,2020-03-08,39.3439,-84.6688,Joseph Keating,,unknown,0.0,533366.mp3
509710,2019-11-11,49.2427,-122.9355,Sunny Tseng,Mono with one Sennheiser mic.,unknown,0.0,509710.mp3
504854,2019-10-19,47.9514,-124.3863,Scott Olmstead,Calls from a group of 20+ crows in suburban environment. Conventional wisdom is crows from the Olympic Peninsula are Northwestern Crows; however there is some thinking among experts that western Washington is in an intergrade zone between Northwestern and American Crows and in fact all of the crows in may be part of a hybrid swarm.  Recorded on iPhone 8.,unknown,0.0,504854.mp3
488886,2019-07-24,35.987,-87.145,Brian Hendrix,Recorded using BirdGenie on iPhone XS Max and processed on Audacity.,unknown,0.0,488886.mp3
486243,2019-07-10,49.2349,-123.171,Sunny Tseng,A murder of crows perching on a fir tree with a number ~ 30.,unknown,0.0,486243.mp3
479493,2019-06-07,42.3306,-76.3351,Meena Haribal,,unknown,0.0,479493.mp3
464018,2019-03-28,35.975,-87.1328,Brian Hendrix,Recorded on:  H4n Pro with internal mics.,unknown,0.0,464018.mp3
460872,2019-02-23,25.2138,-80.8504,Uku Paal,,unknown,0.0,460872.mp3
454607,2019-02-01,37.2602,-97.4172,Ves,Seen in open woodland habitat making this noise in another American Crow's presence and then flying away.,unknown,0.0,454607.mp3
453754,2018-01-26,32.8572,-116.9189,Paul Marvin,,unknown,0.0,453754.mp3
451028,2018-10-25,32.6663,-117.032,Paul Marvin,"six, flight at end of recording",unknown,0.0,451028.mp3
425504,2018-06-03,45.5575,-122.6912,Thomas Magarian,Recording amplified. High pass filter. Noise reduced.,unknown,0.0,425504.mp3
425503,2018-05-12,45.5575,-122.6912,Thomas Magarian,Recording amplified. High pass filter. Noise reduced.,unknown,0.0,425503.mp3
425502,2018-05-12,45.5575,-122.6912,Thomas Magarian,Recording amplified. High pass filter. Noise reduced.,unknown,0.0,425502.mp3
422794,2018-06-24,42.4148,-76.4134,Meena Haribal,,unknown,0.0,422794.mp3
420594,2018-06-07,47.7249,-122.9383,Meena Haribal,,unknown,0.0,420594.mp3
420508,2018-06-12,39.1778,-114.389,Bobby Wilcox,"Two individuals flying over Pinyon-juniper woodland, about 200m away.",unknown,0.0,420508.mp3
408017,2015-05-18,36.2886,-121.8446,Frank Lambert,heavily edited,unknown,0.0,408017.mp3
407053,2018-03-24,45.3868,-75.7439,Dan Minor,"Unattended recording made using a homemade pressure zone microphone installed on my roof, built using an EM-172 capsule, and a Focusrite Scarlet 2i2. Recording was amplified using Audacity.",unknown,0.0,407053.mp3
394333,2017-01-20,40.7545,-74.0217,Dominic Garcia-Hall,Interspecific reaction to Fish Crows in vicinity,unknown,0.0,394333.mp3
394324,2017-09-24,47.5536,-120.6749,Alan Knue,Two call types; second type more drawn out.,unknown,0.0,394324.mp3
394321,2017-09-24,47.5536,-120.6749,Alan Knue,,unknown,0.0,394321.mp3
394319,2017-09-24,47.5536,-120.6749,Alan Knue,,unknown,0.0,394319.mp3
391430,2017-10-18,38.4341,-78.4767,Peter Boesman,In deciduous forest.,unknown,0.0,391430.mp3
388254,2017-08-25,48.635,-112.3305,Thomas Magarian,Amplified. High pass filter 6db.,unknown,0.0,388254.mp3
383429,2017-07-30,48.4288,-123.394,Niels Krabbe,By a bird in a tree while its mate was foraging on the beach. Call given in response to human disturbance.,unknown,0.0,383429.mp3
379659,2016-06-16,44.4168,-69.9973,Lance A. M. Benner,"Recorded in a wet, mixed northern hardwood forest shortly after light rain.  The crows were mobbing a raptor but I wasn't able to see the raptor well enough to identify it before it flew off.

Equipment: Sony PCM-M10 and a Sennheiser ME67.
Edits to the file: trimmed and normalized to -3 dB.",unknown,0.0,379659.mp3
362405,2015-04-20,38.5361,-106.0002,Frank Lambert,,unknown,0.0,362405.mp3
357303,2017-01-15,40.092,-75.4258,Thomas Magarian,Recording amplified. High pass filter.,unknown,0.0,357303.mp3
344949,2016-06-05,56.7264,-111.3803,Luis A Villamil,Vocal sound in the middle of the recording. waterfowl like?? between Canadian toad calls.,unknown,0.0,344949.mp3
328541,2016-07-08,42.7895,-83.1904,Antonio Xeira,"Editing: None.

Equipment: Olympus WS-822 digital recorder with Wildtronics Mono amplified parabolic microphone.",unknown,0.0,328541.mp3
327683,2013-04-25,35.1084,-80.9483,Bernard BOUSQUET,,unknown,0.0,327683.mp3
322267,2016-06-12,41.62,-118.6983,Bobby Wilcox,Flying in circles around my head about 25' above me and presumably alarmed due to a nearby nest that I was unable to locate.  Sagebrush grazing land at the bottom of a narrow riparian canyon with a smattering of large cottonwoods nearby.  ,unknown,0.0,322267.mp3
306320,2016-02-20,33.5448,-117.2695,Nick Komar,Perched in mid-canopy. Recording amplified 10x.,unknown,0.0,306320.mp3
304860,2016-02-27,42.7336,-83.1536,Antonio Xeira,,unknown,0.0,304860.mp3
302631,2012-05-04,48.6611,-123.4114,James Bradley,"Two phrases of Raven-like song accompanied with bill snaps. Bird on ground in parking lot, strutting with exaggerated side-to-side gait and throat feathers ruffed up. Wings slightly drooped.",unknown,0.0,302631.mp3
297898,2015-12-01,39.1742,-75.5424,Jerald R,"Group of crows mobbing some sort of raptor. I think it was a Red-tailed Hawk, but I only saw it for about 3 seconds as it flew. The recording gets louder at 0:50, and you can hear them all take off and chase the hawk at 0:89.",unknown,0.0,297898.mp3
291509,2015-11-21,33.9425,-109.4994,Eric Hough,"Same bird(s) as XC291508. Same clip as Ruby-crowned Kinglet XC291510. Amplification, low and high pass filters, wind noise heavily edited out in Audacity.",unknown,0.0,291509.mp3
291508,2015-11-21,33.9425,-109.4994,Eric Hough,"Same bird(s) as XC291509. Amplification, low and high pass filters, wind noise heavily edited out in Audacity.",unknown,0.0,291508.mp3
287852,2015-10-28,34.4842,-89.5949,J.R. Rigby,Calls from a group of 11 American Crows flying over. No filtering was performed on this recording. Habitat was an open moist grassland near a forest edge to the south and bounded by the shoreline of a large man-made lake approximately 1 km north.  ,unknown,0.0,287852.mp3
287325,2015-10-11,42.2175,-75.832,Nick Komar,"Recording amplified, filtered, spliced for clarity. Habitat was mixed upland forest ecotone with freshwater swamp in Chenango River valley.",unknown,0.0,287325.mp3
284343,2015-10-07,61.1407,-149.961,Dan Lane,Natural calls from bird that had been foraging on ground in park at shore of lake before it flew up into some birches nearby (out of sight) and vocalized twice (one bout captured here). Apparently at the northern boundary of the species' range.,unknown,0.0,284343.mp3
279748,2015-09-18,36.1719,-84.009,Bates Estabrooks,"Soft purring ""crawk"" throughout.",unknown,0.0,279748.mp3
269018,2015-06-20,47.6335,-122.2942,Frank Lambert,Appeared to be mobbing a racoon,unknown,0.0,269018.mp3
267536,2015-08-05,0.0,0.0,Daniel Parker,,unknown,0.0,267536.mp3
266710,2015-08-07,40.0626,-75.1254,Paul Driver,,unknown,0.0,266710.mp3
264942,2015-05-17,40.5736,-80.1464,Aidan Place,A couple of birds making a number of unusual calls including the rattling call heard in the recording.,unknown,0.0,264942.mp3
253628,2015-06-20,48.2333,-69.7842,Martin St-Michel,"One individual calling just before he flew away. Two more individuals nearby agitated at the sight of a Corvus corax. Habitat: field, shrubland.",unknown,0.0,253628.mp3
244670,2015-05-16,39.8239,-105.1538,Jerome Cech,Male Great Horned Owl on branch of Cottonwood tree was being mobbed by American Crows and a blue jay.,unknown,0.0,244670.mp3
244483,2015-05-20,40.043,-76.345,Dan Lane,"Calls from two birds dispersing from a mob around Great Horned Owl, flying over disturbed deciduous woodland amid suburb.",unknown,0.0,244483.mp3
221647,2007-02-23,32.5899,-117.1264,Peter Boesman,ID certainty 100%. (Archiv. tape 502 side A track 11 seq. A),unknown,0.0,221647.mp3
205241,2014-11-27,37.369,-118.398,David Vander Pluym,Clipped and amplified from longer recording (XC205240 and XC205243 part of same recording). Recording Other species in a suburban neighborhood and the crows were calling.,unknown,0.0,205241.mp3
205240,2014-11-27,37.369,-118.398,David Vander Pluym,Clipped and amplified from longer recording (XC205241 and XC205243 part of same recording). Recording Other species in a suburban neighborhood and the crows were calling.,unknown,0.0,205240.mp3
197262,2014-05-22,25.1741,-80.9347,Paul Marvin,"over 1/2 dozen moving through trees, flight and perched",unknown,0.0,197262.mp3
196757,2014-09-21,40.1899,-75.4054,Paul Driver,,unknown,0.0,196757.mp3
196022,2014-07-04,25.138,-80.938,Paul Marvin,In the background of a recording made at a campground by Florida Bay,unknown,0.0,196022.mp3
193780,2014-06-23,55.908,-130.0183,Richard E. Webster,"at Hyder docks; American Crows nearby, but these sounded like Northwestern to me; two birds, one doing most of the calling; 2nd recording of these individuals;",unknown,0.0,193780.mp3
193779,2014-06-23,55.908,-130.0183,Richard E. Webster,,unknown,0.0,193779.mp3
193114,2014-06-22,54.7089,-127.0394,Richard E. Webster,2nd group recorded today; believed to be a young bird,unknown,0.0,193114.mp3
193113,2014-06-22,54.7089,-127.0394,Richard E. Webster,"3rd group recorded today, 1st recording of it; different from any group recorded before; sound somewhat like NW Crows, but I suspect this involves young birds (too far inland as well)",unknown,0.0,193113.mp3
190472,2014-08-08,41.0428,-72.2403,Krzysztof Deoniziak,"habitat: mixed forest near a shore line
behaviour: group of birds flying in the tree canopy",unknown,0.0,190472.mp3
182074,2014-05-21,52.199,-105.0997,Ian Cruickshank,"Including short, rapid-fire caw series (from 0:06 on) which is commonly given by crows in this area; I'm not used to hearing rapid-fire series quite like this from Northwestern Crows in B.C.",unknown,0.0,182074.mp3
172883,2012-05-08,35.3978,-84.1081,Paul Marvin,,unknown,0.0,172883.mp3
172879,2012-06-04,47.3222,-114.2117,Paul Marvin,,unknown,0.0,172879.mp3
172877,2013-11-17,27.9368,-81.2252,Paul Marvin,,unknown,0.0,172877.mp3
172876,2012-04-01,40.496,-107.2517,Paul Marvin,,unknown,0.0,172876.mp3
172825,2014-04-07,45.4064,-73.9371,Patrick Turgeon,"Three American Crows calling to each other. Closest one was in deciduous tree.

Modifications: HPF500/2000",unknown,0.0,172825.mp3
169633,2014-03-11,48.4594,-123.3667,Ian Cruickshank,"""Glurp"" calls given from single bird perched on the edge of a rooftop (no other crows noted in the immediate vicinity).  Each call was accompanied by a downward head movement, and some of the calls include a sharp clicking sound that may be bill-snapping, though I couldn't see the bill well at this point in the calls since the bill was thrust sharply downward towards the breast and obscured from my viewpoint.   ""Caw"" calls given later from the same individual as it flew off from the rooftop and perched in a nearby tree.",unknown,0.0,169633.mp3
164832,2014-01-17,44.942,-93.259,Jonathon Jongsma,"Midnight calls from an urban roosting flock of perhaps 20000 birds in the trees around my house.  An amazing experience.  Entire trees dripping with crows.  Periodically a tree would explode into a swirling crow vortex. Significantly more nasal and high-pitched than normal daytime calls. A poor quality video of just part of the flock: <http://www.youtube.com/watch?v=gi1Q-fufM8M>

Quite a bit of noise from planes and cars passing by.  Filtered the bottom 500Hz fairly heavily.",unknown,0.0,164832.mp3
164831,2014-01-16,44.942,-93.259,Jonathon Jongsma,"Calls from an urban roosting flock of  perhaps 20000 in the trees around my house.  Not the greatest recording, but a fantastic experience.  Entire trees dripping with crows.  Most of the birds are roosting quietly, some squabbling, complaining, and re-locating. Calls seem quite a bit higher-pitched than normal daytime calls. A poor quality video of just part of the flock: <http://www.youtube.com/watch?v=gi1Q-fufM8M>

Lots of noise from planes and cars passing by.  Filtered the bottom 500Hz fairly heavily.",unknown,0.0,164831.mp3
163599,2014-01-05,48.4379,-123.2935,Ian Cruickshank,Vocalizations from large flock staging in shoreline trees before flight out to nighttime roost site on nearby islands.,unknown,0.0,163599.mp3
160807,2013-06-22,51.77586,-103.58164,Ian Cruickshank,"

Recorded on a Marantz PMD661 recorder using a Sennheiser ME66 microphone.",unknown,0.0,160807.mp3
160688,2013-06-04,51.77586,-103.58164,Ian Cruickshank,"

Recorded on a Marantz PMD661 recorder using a Sennheiser ME66 microphone.",unknown,0.0,160688.mp3
160675,2013-05-28,51.77586,-103.58164,Ian Cruickshank,"

Recorded on a Marantz PMD661 recorder using a Sennheiser ME66 microphone.",unknown,0.0,160675.mp3
160518,2013-05-21,51.77586,-103.58164,Ian Cruickshank,"

Recorded on a Marantz PMD661 recorder using a Sennheiser ME66 microphone.",unknown,0.0,160518.mp3
160284,2013-05-03,52.198954,-105.099685,Ian Cruickshank,"

Recorded on a Marantz PMD661 recorder using a Sennheiser ME66 microphone.",unknown,0.0,160284.mp3
160272,2013-05-01,48.464413,-123.373425,Ian Cruickshank,"

Recorded on a Marantz PMD661 recorder using a Sennheiser ME66 microphone.",unknown,0.0,160272.mp3
160166,2013-04-15,48.464413,-123.373425,Ian Cruickshank,"

Recorded on a Marantz PMD661 recorder using a Sennheiser ME66 microphone.",unknown,0.0,160166.mp3
160165,2013-04-15,48.464413,-123.373425,Ian Cruickshank,"

Recorded on a Marantz PMD661 recorder using a Sennheiser ME66 microphone.",unknown,0.0,160165.mp3
160163,2013-04-14,48.464413,-123.373425,Ian Cruickshank,"

Recorded on a Marantz PMD661 recorder using a Sennheiser ME66 microphone.",unknown,0.0,160163.mp3
160103,2013-03-30,48.576806,-123.37179,Ian Cruickshank,"NOCR mobbing CORA

Recorded on a Marantz PMD661 recorder using a Sennheiser ME66 microphone.",unknown,0.0,160103.mp3
160101,2013-03-30,48.576806,-123.37179,Ian Cruickshank,"

Recorded on a Marantz PMD661 recorder using a Sennheiser ME66 microphone.",unknown,0.0,160101.mp3
160058,2013-03-24,48.464413,-123.373425,Ian Cruickshank,"

Recorded on a Marantz PMD661 recorder using a Sennheiser ME66 microphone.",unknown,0.0,160058.mp3
153375,2013-06-25,51.6985,-103.2351,Bird Studies Canada - Prairie and Parkland Marsh Monitoring Program (PPMMP),Uploaded by Ian Cruickshank.,unknown,0.0,153375.mp3
153348,2013-07-10,51.8042,-103.4003,Bird Studies Canada - Prairie and Parkland Marsh Monitoring Program (PPMMP),Uploaded by Ian Cruickshank.,unknown,0.0,153348.mp3
153327,2013-06-28,51.6985,-103.2351,Bird Studies Canada - Prairie and Parkland Marsh Monitoring Program (PPMMP),Uploaded by Ian Cruickshank.,unknown,0.0,153327.mp3
152674,2013-06-20,56.7264,-111.3803,Dugan Maynard,,unknown,0.0,152674.mp3
149940,2013-10-05,46.9872,-70.5887,Martin St-Michel,Habitat: mature mixed forest with clearings.,unknown,0.0,149940.mp3
144701,2013-07-21,44.257,-68.389,Paul Driver,,unknown,0.0,144701.mp3
144670,2013-07-21,44.257,-68.389,Paul Driver,perched,unknown,0.0,144670.mp3
130896,2012-07-13,41.1987,-73.8832,Daniel Parker,"Natural vocalizations, outside my window, calls just before a thunderstorm; soft thunder rumbles can be heard.",unknown,0.0,130896.mp3
122647,2013-02-23,48.6503,-123.5529,Ian Cruickshank,,unknown,0.0,122647.mp3
122636,2013-02-23,35.2751,-120.8814,Thomas G. Graves,,unknown,0.0,122636.mp3
115429,2012-12-18,44.942,-93.259,Jonathon Jongsma,"Soft rattling calls given at approximately 10m from microphone, and at least one 'coo' sound around 0:27.",unknown,0.0,115429.mp3
110263,2012-09-15,37.3144,-122.0632,Jonathon Jongsma,"A variety of calls from a small flock of crows high in a stand of pine at a suburban nature preserve.

Used recorder's internal microphone.",unknown,0.0,110263.mp3
92056,2011-12-17,47.704,-122.218,Andrew Spencer,"natural vocalization; quiet, atypical calls from a bird at close range on the ground.",unknown,0.0,92056.mp3
83721,2011-07-05,44.0489,-78.2787,David Geale,,unknown,0.0,83721.mp3
80525,2011-06-09,44.942,-93.259,Jonathon Jongsma,"higher-pitched begging calls from a juvenile, and some adult calls",unknown,0.0,80525.mp3
71555,2011-09-02,35.8589,-84.0948,Mike Nelson,Cackling from one bird while two others gave typical calls,unknown,0.0,71555.mp3
69128,2011-01-06,44.942,-93.259,Jonathon Jongsma,,unknown,0.0,69128.mp3
58475,2010-07-21,36.067,-83.231,Mike Nelson,This bird cackled like this for several minutes.,unknown,0.0,58475.mp3
58460,2010-07-18,35.8589,-84.0948,Mike Nelson,"Several growls and cackles from, I think, a juvenile bird.",unknown,0.0,58460.mp3
42470,2009-06-04,33.7417,-84.1903,Stuart Fisher,Edited intervals,unknown,0.0,42470.mp3
37651,2007-07-21,44.623,-63.568,Bob Planqué,,unknown,0.0,37651.mp3
37649,2007-07-21,44.623,-63.568,Bob Planqué,foreground song unknown,unknown,0.0,37649.mp3
37364,2009-07-27,49.273,-123.253,Bob Planqué,,unknown,0.0,37364.mp3
24413,2008-11-15,0.0,0.0,Keith Taylor,Recorded with Griffin iTalk Pro and iPod Nano then re-recorded for increased volume from iPod Touch with external speaker at top level.,unknown,0.0,24413.mp3
16896,2007-03-08,42.4042,-83.9364,Allen T. Chartier,,unknown,0.0,16896.mp3
11504,2007-02-23,42.5053,-83.7089,Allen T. Chartier,,unknown,0.0,11504.mp3
1198,1993-05-07,0.0,0.0,Don Jones,,unknown,0.0,1198.mp3
941478,2023-07-02,46.9019,-71.1755,Guillaume Bigayon,,unknown,0.0,941478.mp3
909645,2024-05-29,38.5633,-121.4447,Ed Pandolfino,Rattle call and some caw variations from a single lone crow,unknown,0.0,909645.mp3
871270,2024-01-24,38.7894,-78.3779,Thomas Magarian,,unknown,0.0,871270.mp3
821697,2023-08-08,41.377,-73.9627,Anonymous,"Crow calling on a tree on the side of the Thayer hotel, then flying away over the field",unknown,0.0,821697.mp3
815110,2023-05-23,36.8215,-91.3515,Richard E. Webster,,unknown,0.0,815110.mp3
796595,2023-02-28,43.0706,-76.0712,Bobby Wilcox,"About 20m away in suburban neighborhood.
",unknown,0.0,796595.mp3
787141,2023-03-16,38.7396,-78.4469,Thomas Magarian,,unknown,0.0,787141.mp3
777085,2023-01-26,0.0,0.0,Bill Haake,This is a short clip with no modifications other than trimming before and after the sound of interest. The habitat is an edge between freshwater swamp/creek and Longleaf Pine/Turkey Oak. I am interested in the sound that occurs at 0:03 seconds and again at 0:29 seconds into the recording. I ran it through BirdNet and got no help. I did not see the source of the sound. Any ideas?,unknown,0.0,777085.mp3
753518,2022-10-02,46.0307,-74.1826,Denis Provencher,,unknown,0.0,753518.mp3
753007,2022-09-29,45.3912,-73.7588,Denis Provencher,,unknown,0.0,753007.mp3
751252,2022-09-28,46.0307,-74.1826,Denis Provencher,,unknown,0.0,751252.mp3
747827,2022-09-03,43.0024,-76.7647,Viral joshi,,unknown,0.0,747827.mp3
741950,2021-02-15,35.5875,-82.5428,Paula Caycedo,"Habitat: Mountainside park is a forest fragment at the center of the City of Asheville. https://www.asheville.com/directory/mountainside-park/

I used SM4 MINI WILDLIFE ACOUSTICS for this recording. ",unknown,0.0,741950.mp3
731116,2021-05-02,45.5575,-122.6912,Thomas Magarian,Young bird being fed by adult.,unknown,0.0,731116.mp3
731114,2021-07-29,40.092,-75.4258,Thomas Magarian,,unknown,0.0,731114.mp3
731113,2021-07-29,40.092,-75.4258,Thomas Magarian,,unknown,0.0,731113.mp3
698816,2022-01-25,39.2637,-77.2066,Ryan Douglas,"My first recording using something other than an iPhone. (Rode NTG2/Zoom H5) 
The crow was counter-calling from the roof of a house with other crows in the neighborhood.
High-pass filter in Audacity was 900 Hz, 6db Roll-off.",unknown,0.0,698816.mp3
677902,2021-10-01,47.5622,-122.0657,Carl Haynie,"Noise reduced due to wind, then amplified. Habitat was lakeshore. Bird was toying with pebbles at a stump. When giving this call, it first stretched its neck upward, then pointed its bill downward before letting out this bizarre sounding call. It was quite tame and let me approach. I only wish I was more aware of the wind noise present.",unknown,0.0,677902.mp3
622922,2020-02-20,45.2823,-75.6858,Matt Osborne,"Extracted from a remote microphone recording over a roughly 2-hour interval straddling dawn.

Neewer NW-800 > Steinberg UR12 > Raven Lite > amplification and high-pass filter (made necessary due to proximity to traffic).

-13 °C",unknown,0.0,622922.mp3
622108,2021-02-13,45.2823,-75.6858,Matt Osborne,"Extracted from a remote microphone recording over a roughly 3-hour interval straddling dawn.

Neewer NW-800 > Steinberg UR12 > Raven Lite > amplification and high-pass filter (made necessary due to proximity to traffic).

Partly cloudy, -19 °C, -26 °C with wind.",unknown,0.0,622108.mp3
577359,2020-07-18,35.24,-111.6717,Timothy Marquardt,"I stopped to petrol up and a family of crows were sitting on top of the sun screen.  The juveniles were begging for food.  It was an interesting call so I recorded it.  Normally, in heavy traffic, I would have passed on the opportunity 

Sound Devices MixPre-3, Wildtronics Model #WTPMMSA, 22” Parabolic Reflector, High-pass filter 600 Hz, Roll-off 24dB, phoenixbirder@gmail.com",unknown,0.0,577359.mp3
567995,2020-06-13,44.8372,-93.3769,Michael Hurben,,unknown,0.0,567995.mp3
556241,2019-04-18,30.36422,-81.40509,Caio Brito,,unknown,0.0,556241.mp3
550974,2018-06-10,40.6499,-115.4045,Richard E. Webster,,unknown,0.0,550974.mp3
543347,2020-04-08,37.8753,-122.1839,Denise Wight,"Quiet tonal notes, doubled repeatedly.  Heard in other areas of Orinda/Moraga area in spring, especially around residential areas and both Safeways. The bird usually stops when I approach.  ",unknown,0.0,543347.mp3
527671,2020-02-09,35.329,-120.4782,Thomas G. Graves,"Recorded with Sennheiser ME 62 mic, in a 24 inch Roché Parabola, with a Marantz PMD 661 digital recorder.",unknown,0.0,527671.mp3
452517,2019-01-14,35.1114,-111.6902,Paul Marvin,,unknown,0.0,452517.mp3
452143,2014-03-07,46.8914,-71.2279,Diane Labarre,,unknown,0.0,452143.mp3
451491,2019-01-09,28.229,-80.813,Paul Marvin,less common calls,unknown,0.0,451491.mp3
420981,2018-06-13,42.3306,-76.3351,GABRIEL LEITE,,unknown,0.0,420981.mp3
403166,2014-04-28,25.2817,-80.8001,Brian Henderson,"Rookery sounds, including juvenile Snowy Egret, in background.",unknown,0.0,403166.mp3
371031,2017-05-20,36.1717,-84.0078,Bates Estabrooks,"Rapid ""cluck/croak"" running from 1.07-1.9 secs.  Shows on sonogram down at ~1000 Hz and appears as a series of dots.  Thanks.",unknown,0.0,371031.mp3
357301,2017-01-15,40.092,-75.4258,Thomas Magarian,Recording amplified.,unknown,0.0,357301.mp3
356492,2017-01-15,40.092,-75.4258,Thomas Magarian,Recording amplified.,unknown,0.0,356492.mp3
322281,2016-06-17,38.9882,-119.1614,Bobby Wilcox,"Three juveniles, two still in nest and a third out on a nearby branch (all appeared close to fledging) reacting to adult arriving at nest with food.  About 50' from me.  ",unknown,0.0,322281.mp3
287517,2015-10-25,32.7775,-108.2736,Jarrod Swackhamer,Recording noise reduced.  One of a dozen or so crows in the Food Basket parking lot (with a single raven sp) flew up and vocalized on the record.,unknown,0.0,287517.mp3
253973,2015-06-25,29.7839,-90.1155,Matt Brady,"A pair of American Crows calling somewhat distantly (~100m away). Higher-pitched calls at 0:33 - 0:37 were from a fledgling Prothonotary Warbler.

Recorded using an iPhone with Edutige EIM-001 i-Mic. ",unknown,0.0,253973.mp3
236283,2015-04-06,0.0,0.0,Daniel Parker,Bird flew away giving second series of calls.,unknown,0.0,236283.mp3
221648,2007-02-23,32.5899,-117.1264,Peter Boesman,ID certainty 100%. (Archiv. tape 502 side A track 10 seq. B),unknown,0.0,221648.mp3
217989,2015-03-19,44.3211,-78.3264,Iain,Just capturing different sounds I have yet to record.,unknown,0.0,217989.mp3
216629,2015-03-11,44.3211,-78.3264,Iain,,unknown,0.0,216629.mp3
194293,2014-06-24,55.908,-130.0183,Richard E. Webster,,unknown,0.0,194293.mp3
185187,2014-03-11,48.4594,-123.3667,Ian Cruickshank,Guttural note and bill-snap given simultaneously in groups of ~3 -5.  Bird was perched and bowed the head downwards with each vocalization and bill-snap.  In second half of cut are caws from same individual.,unknown,0.0,185187.mp3
177595,2013-06-23,36.616,-121.918,Antonio Silveira,bird near the beach.,unknown,0.0,177595.mp3
175267,2014-04-19,0.0,0.0,Daniel Parker,"Two crows calling, possibly mobbing a Red-tailed Hawk which flew over previously. Pickerel Frog calls twice in background.",unknown,0.0,175267.mp3
163415,2011-09-19,41.1955,-73.8678,Daniel Parker,Two birds. Calls start from very far away. Then two birds come flying in and the calls get louder and much closer to the microphone. Then they both fly off again giving calls.,unknown,0.0,163415.mp3
163414,2010-11-03,41.2004,-73.8799,Daniel Parker,Several series of short calls by one bird.,unknown,0.0,163414.mp3
160416,2013-05-16,51.77586,-103.58164,Ian Cruickshank,"

Recorded on a Marantz PMD661 recorder using a Sennheiser ME66 microphone.",unknown,0.0,160416.mp3
160396,2013-05-11,50.460865,-106.65498,Ian Cruickshank,"

Recorded on a Marantz PMD661 recorder using a Sennheiser ME66 microphone.",unknown,0.0,160396.mp3
160338,2013-05-05,52.198954,-105.099685,Ian Cruickshank,"

Recorded on a Marantz PMD661 recorder using a Sennheiser ME66 microphone.",unknown,0.0,160338.mp3
160289,2013-05-04,52.198954,-105.099685,Ian Cruickshank,"

Recorded on a Marantz PMD661 recorder using a Sennheiser ME66 microphone.",unknown,0.0,160289.mp3
160247,2013-04-30,48.464413,-123.373425,Ian Cruickshank,"

Recorded on a Marantz PMD661 recorder using a Sennheiser ME66 microphone.",unknown,0.0,160247.mp3
160188,2013-04-22,48.414049,-123.306784,Ian Cruickshank,"

Recorded on a Marantz PMD661 recorder using a Sennheiser ME66 microphone.",unknown,0.0,160188.mp3
157464,2013-08-10,51.3193,-116.9774,Ian Cruickshank,,unknown,0.0,157464.mp3
156835,2010-11-04,41.1987,-73.8832,Daniel Parker,Five or six birds mobbing a Red-tailed Hawk. Evidently the robins don't like the hawk there either.,unknown,0.0,156835.mp3
130897,2012-04-16,41.1987,-73.8832,Daniel Parker,"Flock outside my window, mobbing?",unknown,0.0,130897.mp3
124432,2013-03-10,41.313,-105.5787,GABRIEL LEITE,,unknown,0.0,124432.mp3
122380,2011-10-18,41.1955,-73.8678,Daniel Parker,"Recorded from my window, mobbing a Red-tailed Hawk which calls twice as the crows chase it away.",unknown,0.0,122380.mp3
91560,2011-12-16,44.942,-93.259,Jonathon Jongsma,"rather atypical call.  Lone bird calling from a tree in an urban park.

Recorded with mobile phone, so quality is rather poor.",unknown,0.0,91560.mp3
55757,2010-06-09,35.8589,-84.0948,Mike Nelson,some rattling from my dog's collar,unknown,0.0,55757.mp3
37647,2007-07-18,44.637,-63.588,Bob Planqué,"recorded at maybe two meters distance; very quiet call, end of which cannot even be heard. Bird bowed and flapped whilst performing this. Right on Univ. campus grounds amidst traffic and people.",unknown,0.0,37647.mp3
879103,2011-08-06,40.6441,-80.1075,András Schmidt,"Not modified. Gardens in Tyburn Drive, Wexford. ",unknown,0.0,879103.mp3
787138,2023-03-16,38.7396,-78.4469,Thomas Magarian,,unknown,0.0,787138.mp3
752996,2022-09-29,45.3851,-73.7626,Denis Provencher,,unknown,0.0,752996.mp3
751120,2022-09-27,46.0307,-74.1826,Denis Provencher,,unknown,0.0,751120.mp3
748566,2022-09-15,46.0294,-74.188,Denis Provencher,,unknown,0.0,748566.mp3
535007,2017-08-02,58.10639,-154.60167,"Betchkal, Davyd; Peterson,  Robert","A low rocky bench above the western shore of Geographic Harbor - the protected inner portion of Amalik Bay. Site is about 35 meters line-of-sight from the ocean at low tide. Mountains surrounding the site form a deep bowl, and reach an elevation of 900 meters within 2 km. Viereck Class III.A.2.b Bluejoint Herb.",unknown,0.0,535007.mp3
429197,2017-08-08,47.6335,-122.2942,Paul van Els,group of birds in conifer; urban habitat,unknown,0.0,429197.mp3
294697,2015-12-05,42.36,-76.6331,Tom Auer,eBird Checklist: http://ebird.org/ebird/view/checklist?subID=S26130658,unknown,0.0,294697.mp3
243424,2015-05-14,45.3595,-73.7458,Maxime Aubert,"In background, sounds like frogs...",unknown,0.0,243424.mp3
233806,2015-03-31,29.5878,-95.6531,Danny Zapata-Henao,,unknown,0.0,233806.mp3
163600,2014-01-05,48.459,-123.2943,Ian Cruickshank,"Including rattles from a bird perched on its own, separate from a nearby flock.",unknown,0.0,163600.mp3
122378,2011-09-20,41.1955,-73.8678,Daniel Parker,,unknown,0.0,122378.mp3
789815,2023-03-31,25.1426,-80.9224,Aladdin,"Recording with my ZOOM H5 Handy Recorder. High Pass Filter applied with Audacity.

Sitting on top of a fuel tank calling",unknown,0.0,789815.mp3
789573,2023-03-29,25.3826,-80.6098,Aladdin,"Recorded with my ZOOM H5

The bird sitting 2 meters from me and show no signs of being scared.


Details

Dear www.aladdin .st,

Thank you for being a part of eBird. To help make sure that eBird can be used for scientific research and conservation, volunteers like me follow up on unusual observations as a part of the eBird data quality process.

I am writing about the following observation:

Species: Fish Crow
Count: 1
Observation Date: Mar 29, 2023
Location: Everglades NP--Anhinga Trail, Miami-Dade, Florida, US
https://ebird.org/checklist/S132116939

The documentation you have provided shows an American Crow. Please review and edit.


",unknown,0.0,789573.mp3
404830,2017-06-08,37.6432,-79.3233,Meena Haribal,Recording was filtered for noise.,unknown,0.0,404830.mp3
